entry_id	source	part_of_speech	level	status	ukrainian	official_source	source_check	data_factory_run_id	content_qa_run_id	qa_reason
ox5000-1a9ae9f38cefadbdbe69	certainty	noun	B2	verified	впе́вненість	https://www.oxfordlearnersdictionaries.com/us/definition/english/certainty	MANUAL_EMERGENCY_WORK V5 exact Oxford identity; source_index=792; definition_path=/us/definition/english/certainty; exact_definition='the state of being certain'; selected_candidate_method=en_wiktionary_sense_bound_uk_translation; sense_source='English Wiktionary'; sense_gloss='state of being certain'; gloss_definition_similarity=0.972; morphology='multiword lexical phrase; V4 lexical/POS form accepted'; surface_mt_never_sole_pass=PASS	MANUAL_EMERGENCY_WORK_20260820_FIRST_PASS_V5_round01	MANUAL_EMERGENCY_WORK_20260820_SECOND_PASS_V5_round01	PASS V5: V5 PASS: sense-bound Wiktionary bilingual confirmation + exact Oxford definition + canonical Ukrainian lemma; gloss_similarity=0.972; overlap=2; multiword lexical phrase; V4 lexical/POS form accepted; exact Oxford definition='the state of being certain'; reverse='sureness'; lexical_support=0.235.
ox5000-371ffb23c06cf5d1b8ef	championship	noun	B2	verified	чемпіона́т	https://www.oxfordlearnersdictionaries.com/us/definition/english/championship	MANUAL_EMERGENCY_WORK V5 exact Oxford identity; source_index=804; definition_path=/us/definition/english/championship; exact_definition='a competition to find the best player or team in a particular sport'; selected_candidate_method=en_wiktionary_sense_bound_uk_translation; sense_source='English Wiktionary'; sense_gloss='competition to determine a champion'; gloss_definition_similarity=0.740; morphology='multiword lexical phrase; V4 lexical/POS form accepted'; surface_mt_never_sole_pass=PASS	MANUAL_EMERGENCY_WORK_20260820_FIRST_PASS_V5_round01	MANUAL_EMERGENCY_WORK_20260820_SECOND_PASS_V5_round01	PASS V5: V5 PASS: sense-bound Wiktionary bilingual confirmation + exact Oxford definition + canonical Ukrainian lemma; gloss_similarity=0.740; overlap=1; multiword lexical phrase; V4 lexical/POS form accepted; exact Oxford definition='a competition to find the best player or team in a particular sport'; reverse='champion'; lexical_support=1.000.
ox5000-50c859b7eef5dc7ea1e0	civilization	noun	B2	verified	цивіліза́ція	https://www.oxfordlearnersdictionaries.com/us/definition/english/civilization	MANUAL_EMERGENCY_WORK V5 exact Oxford identity; source_index=873; definition_path=/us/definition/english/civilization; exact_definition='a state of human society that is very developed and organized'; selected_candidate_method=en_wiktionary_sense_bound_uk_translation; sense_source='English Wiktionary'; sense_gloss='organized culture'; gloss_definition_similarity=0.729; morphology='multiword lexical phrase; V4 lexical/POS form accepted'; surface_mt_never_sole_pass=PASS	MANUAL_EMERGENCY_WORK_20260820_FIRST_PASS_V5_round01	MANUAL_EMERGENCY_WORK_20260820_SECOND_PASS_V5_round01	PASS V5: V5 PASS: sense-bound Wiktionary bilingual confirmation + exact Oxford definition + canonical Ukrainian lemma; gloss_similarity=0.729; overlap=1; multiword lexical phrase; V4 lexical/POS form accepted; exact Oxford definition='a state of human society that is very developed and organized'; reverse='civilization'; lexical_support=1.000.
ox5000-8088b7e5636be8851c0c	commander	noun	B2	verified	команди́р	https://www.oxfordlearnersdictionaries.com/us/definition/english/commander	MANUAL_EMERGENCY_WORK V5 exact Oxford identity; source_index=968; definition_path=/us/definition/english/commander; exact_definition='a person who is in charge of something, especially an officer in charge of a particular group of soldiers or a military operation'; selected_candidate_method=en_wiktionary_sense_bound_uk_translation; sense_source='English Wiktionary'; sense_gloss='one who exercises control and direction of a military or naval organization'; gloss_definition_similarity=0.777; morphology='multiword lexical phrase; V4 lexical/POS form accepted'; surface_mt_never_sole_pass=PASS	MANUAL_EMERGENCY_WORK_20260820_FIRST_PASS_V5_round01	MANUAL_EMERGENCY_WORK_20260820_SECOND_PASS_V5_round01	PASS V5: V5 PASS: sense-bound Wiktionary bilingual confirmation + exact Oxford definition + canonical Ukrainian lemma; gloss_similarity=0.777; overlap=1; multiword lexical phrase; V4 lexical/POS form accepted; exact Oxford definition='a person who is in charge of something, especially an officer in charge of a particular group of soldiers or a military operation'; reverse='commander'; lexical_support=1.000.
ox5000-c88a5ab0c123045d4363	consequently	adverb	B2	verified	відповідно	https://www.oxfordlearnersdictionaries.com/us/definition/english/consequently	MANUAL_EMERGENCY_WORK V5 exact Oxford identity; source_index=1087; definition_path=/us/definition/english/consequently; exact_definition='as a result; therefore'; selected_candidate_method=en_wiktionary_sense_bound_uk_translation; sense_source='English Wiktionary'; sense_gloss='as a result or consequence'; gloss_definition_similarity=0.800; morphology='pymorphy3 uk canonical lemma PASS; tag=ADVB,compb; score=1.0000'; surface_mt_never_sole_pass=PASS	MANUAL_EMERGENCY_WORK_20260820_FIRST_PASS_V5_round01	MANUAL_EMERGENCY_WORK_20260820_SECOND_PASS_V5_round01	PASS V5: V5 PASS: sense-bound Wiktionary bilingual confirmation + exact Oxford definition + canonical Ukrainian lemma; gloss_similarity=0.800; overlap=1; pymorphy3 uk canonical lemma PASS; tag=ADVB,compb; score=1.0000; exact Oxford definition='as a result; therefore'; reverse='appropriate'; lexical_support=0.174.
ox5000-6ae71c9ddb8dfc06bde3	cute	adjective	B2	verified	гарне́нький	https://www.oxfordlearnersdictionaries.com/us/definition/english/cute	MANUAL_EMERGENCY_WORK V5 exact Oxford identity; source_index=1306; definition_path=/us/definition/english/cute; exact_definition='pretty and attractive'; selected_candidate_method=en_wiktionary_sense_bound_uk_translation; sense_source='English Wiktionary'; sense_gloss='attractive or pleasing in a youthful, dainty, quaint or fun-spirited way'; gloss_definition_similarity=0.708; morphology='multiword lexical phrase; V4 lexical/POS form accepted'; surface_mt_never_sole_pass=PASS	MANUAL_EMERGENCY_WORK_20260820_FIRST_PASS_V5_round01	MANUAL_EMERGENCY_WORK_20260820_SECOND_PASS_V5_round01	PASS V5: V5 PASS: sense-bound Wiktionary bilingual confirmation + exact Oxford definition + canonical Ukrainian lemma; gloss_similarity=0.708; overlap=1; multiword lexical phrase; V4 lexical/POS form accepted; exact Oxford definition='pretty and attractive'; reverse='Beautiful'; lexical_support=0.308.
ox5000-d88bfcbe9f4406457552	dairy	noun	B2	verified	моло́чні проду́кти	https://www.oxfordlearnersdictionaries.com/us/definition/english/dairy_1	MANUAL_EMERGENCY_WORK V5 exact Oxford identity; source_index=1315; definition_path=/us/definition/english/dairy_1; exact_definition='milk, cheese and other milk products'; selected_candidate_method=en_wiktionary_sense_bound_uk_translation; sense_source='English Wiktionary'; sense_gloss='products produced from milk'; gloss_definition_similarity=0.892; morphology='multiword lexical phrase; V4 lexical/POS form accepted'; surface_mt_never_sole_pass=PASS	MANUAL_EMERGENCY_WORK_20260820_FIRST_PASS_V5_round01	MANUAL_EMERGENCY_WORK_20260820_SECOND_PASS_V5_round01	PASS V5: V5 PASS: sense-bound Wiktionary bilingual confirmation + exact Oxford definition + canonical Ukrainian lemma; gloss_similarity=0.892; overlap=2; multiword lexical phrase; V4 lexical/POS form accepted; exact Oxford definition='milk, cheese and other milk products'; reverse='milkpeckers'; lexical_support=0.250.
ox5000-850f52e28a1e074a2e01	destruction	noun	B2	verified	зни́щення	https://www.oxfordlearnersdictionaries.com/us/definition/english/destruction	MANUAL_EMERGENCY_WORK V5 exact Oxford identity; source_index=1456; definition_path=/us/definition/english/destruction; exact_definition='the act of destroying something; the process of being destroyed'; selected_candidate_method=en_wiktionary_sense_bound_uk_translation; sense_source='English Wiktionary'; sense_gloss='act of destroying'; gloss_definition_similarity=0.883; morphology='multiword lexical phrase; V4 lexical/POS form accepted'; surface_mt_never_sole_pass=PASS	MANUAL_EMERGENCY_WORK_20260820_FIRST_PASS_V5_round01	MANUAL_EMERGENCY_WORK_20260820_SECOND_PASS_V5_round01	PASS V5: V5 PASS: sense-bound Wiktionary bilingual confirmation + exact Oxford definition + canonical Ukrainian lemma; gloss_similarity=0.883; overlap=2; multiword lexical phrase; V4 lexical/POS form accepted; exact Oxford definition='the act of destroying something; the process of being destroyed'; reverse='destruction'; lexical_support=1.000.
ox5000-78eb3d58aa21dba7fa05	divorce	noun	B2	verified	розлу́чення	https://www.oxfordlearnersdictionaries.com/us/definition/english/divorce_1	MANUAL_EMERGENCY_WORK V5 exact Oxford identity; source_index=1585; definition_path=/us/definition/english/divorce_1; exact_definition='the legal ending of a marriage'; selected_candidate_method=en_wiktionary_sense_bound_uk_translation; sense_source='English Wiktionary'; sense_gloss='legal dissolution of a marriage'; gloss_definition_similarity=0.872; morphology='multiword lexical phrase; V4 lexical/POS form accepted'; surface_mt_never_sole_pass=PASS	MANUAL_EMERGENCY_WORK_20260820_FIRST_PASS_V5_round01	MANUAL_EMERGENCY_WORK_20260820_SECOND_PASS_V5_round01	PASS V5: V5 PASS: sense-bound Wiktionary bilingual confirmation + exact Oxford definition + canonical Ukrainian lemma; gloss_similarity=0.872; overlap=2; multiword lexical phrase; V4 lexical/POS form accepted; exact Oxford definition='the legal ending of a marriage'; reverse='separation'; lexical_support=0.235.
ox5000-28fce2fd6625072758dd	drought	noun	B2	verified	за́суха	https://www.oxfordlearnersdictionaries.com/us/definition/english/drought	MANUAL_EMERGENCY_WORK V5 exact Oxford identity; source_index=1652; definition_path=/us/definition/english/drought; exact_definition='a long period of time when there is little or no rain'; selected_candidate_method=en_wiktionary_sense_bound_uk_translation; sense_source='English Wiktionary'; sense_gloss='period of unusually low rain fall'; gloss_definition_similarity=0.722; morphology='multiword lexical phrase; V4 lexical/POS form accepted'; surface_mt_never_sole_pass=PASS	MANUAL_EMERGENCY_WORK_20260820_FIRST_PASS_V5_round01	MANUAL_EMERGENCY_WORK_20260820_SECOND_PASS_V5_round01	PASS V5: V5 PASS: sense-bound Wiktionary bilingual confirmation + exact Oxford definition + canonical Ukrainian lemma; gloss_similarity=0.722; overlap=2; multiword lexical phrase; V4 lexical/POS form accepted; exact Oxford definition='a long period of time when there is little or no rain'; reverse='Drought'; lexical_support=1.000.
ox5000-ca7f9728fd25d9f579b4	economics	noun	B2	verified	еконо́міка	https://www.oxfordlearnersdictionaries.com/us/definition/english/economics	MANUAL_EMERGENCY_WORK V5 exact Oxford identity; source_index=1697; definition_path=/us/definition/english/economics; exact_definition='the study of how a society organizes its money, trade and industry'; selected_candidate_method=en_wiktionary_sense_bound_uk_translation; sense_source='English Wiktionary'; sense_gloss='study of resource and wealth allocation, consumption, and distribution, of capital and investment, and of management of the factors of production; application of this study to a particular domain'; gloss_definition_similarity=0.649; morphology='multiword lexical phrase; V4 lexical/POS form accepted'; surface_mt_never_sole_pass=PASS	MANUAL_EMERGENCY_WORK_20260820_FIRST_PASS_V5_round01	MANUAL_EMERGENCY_WORK_20260820_SECOND_PASS_V5_round01	PASS V5: V5 PASS: sense-bound Wiktionary bilingual confirmation + exact Oxford definition + canonical Ukrainian lemma; gloss_similarity=0.649; overlap=1; multiword lexical phrase; V4 lexical/POS form accepted; exact Oxford definition='the study of how a society organizes its money, trade and industry'; reverse='Economy'; lexical_support=0.750.
ox5000-bedeed830a30bd59f7b8	equivalent	adjective	B2	verified	рівноці́нний	https://www.oxfordlearnersdictionaries.com/us/definition/english/equivalent_2	MANUAL_EMERGENCY_WORK V5 exact Oxford identity; source_index=1844; definition_path=/us/definition/english/equivalent_2; exact_definition='equal in value, amount, meaning, importance, etc.'; selected_candidate_method=en_wiktionary_sense_bound_uk_translation; sense_source='English Wiktionary'; sense_gloss='similar or identical in value'; gloss_definition_similarity=0.668; morphology='multiword lexical phrase; V4 lexical/POS form accepted'; surface_mt_never_sole_pass=PASS	MANUAL_EMERGENCY_WORK_20260820_FIRST_PASS_V5_round01	MANUAL_EMERGENCY_WORK_20260820_SECOND_PASS_V5_round01	PASS V5: V5 PASS: sense-bound Wiktionary bilingual confirmation + exact Oxford definition + canonical Ukrainian lemma; gloss_similarity=0.668; overlap=1; multiword lexical phrase; V4 lexical/POS form accepted; exact Oxford definition='equal in value, amount, meaning, importance, etc.'; reverse='equal'; lexical_support=0.667.
ox5000-31c37db5211ae9d29e59	exhibit	verb	B2	verified	виставля́ти	https://www.oxfordlearnersdictionaries.com/us/definition/english/exhibit_1	MANUAL_EMERGENCY_WORK V5 exact Oxford identity; source_index=1927; definition_path=/us/definition/english/exhibit_1; exact_definition='to show something in a public place for people to enjoy or to give them information'; selected_candidate_method=en_wiktionary_sense_bound_uk_translation; sense_source='English Wiktionary'; sense_gloss='display or show (something) for others to see'; gloss_definition_similarity=0.726; morphology='multiword lexical phrase; V4 lexical/POS form accepted'; surface_mt_never_sole_pass=PASS	MANUAL_EMERGENCY_WORK_20260820_FIRST_PASS_V5_round01	MANUAL_EMERGENCY_WORK_20260820_SECOND_PASS_V5_round01	PASS V5: V5 PASS: sense-bound Wiktionary bilingual confirmation + exact Oxford definition + canonical Ukrainian lemma; gloss_similarity=0.726; overlap=1; multiword lexical phrase; V4 lexical/POS form accepted; exact Oxford definition='to show something in a public place for people to enjoy or to give them information'; reverse='Shown'; lexical_support=0.167.
ox5000-b02ca5f0dad7df4d2555	expansion	noun	B2	verified	розши́рення	https://www.oxfordlearnersdictionaries.com/us/definition/english/expansion	MANUAL_EMERGENCY_WORK V5 exact Oxford identity; source_index=1936; definition_path=/us/definition/english/expansion; exact_definition='an act of increasing or making something increase in size, amount or importance'; selected_candidate_method=en_wiktionary_sense_bound_uk_translation; sense_source='English Wiktionary'; sense_gloss='act of expanding'; gloss_definition_similarity=0.697; morphology='multiword lexical phrase; V4 lexical/POS form accepted'; surface_mt_never_sole_pass=PASS	MANUAL_EMERGENCY_WORK_20260820_FIRST_PASS_V5_round01	MANUAL_EMERGENCY_WORK_20260820_SECOND_PASS_V5_round01	PASS V5: V5 PASS: sense-bound Wiktionary bilingual confirmation + exact Oxford definition + canonical Ukrainian lemma; gloss_similarity=0.697; overlap=1; multiword lexical phrase; V4 lexical/POS form accepted; exact Oxford definition='an act of increasing or making something increase in size, amount or importance'; reverse='rhizing'; lexical_support=0.125.
ox5000-b780af72eaa52c9bcfa6	firefighter	noun	B2	verified	поже́жник	https://www.oxfordlearnersdictionaries.com/us/definition/english/firefighter	MANUAL_EMERGENCY_WORK V5 exact Oxford identity; source_index=2110; definition_path=/us/definition/english/firefighter; exact_definition='a person whose job is to put out fires'; selected_candidate_method=en_wiktionary_sense_bound_uk_translation; sense_source='English Wiktionary'; sense_gloss='person who puts out fires'; gloss_definition_similarity=0.924; morphology='multiword lexical phrase; V4 lexical/POS form accepted'; surface_mt_never_sole_pass=PASS	MANUAL_EMERGENCY_WORK_20260820_FIRST_PASS_V5_round01	MANUAL_EMERGENCY_WORK_20260820_SECOND_PASS_V5_round01	PASS V5: V5 PASS: sense-bound Wiktionary bilingual confirmation + exact Oxford definition + canonical Ukrainian lemma; gloss_similarity=0.924; overlap=2; multiword lexical phrase; V4 lexical/POS form accepted; exact Oxford definition='a person whose job is to put out fires'; reverse='firecracker'; lexical_support=0.545.
ox5000-fdfbff9a3658ec4c47d7	fossil	noun	B2	verified	фосі́лія	https://www.oxfordlearnersdictionaries.com/us/definition/english/fossil	MANUAL_EMERGENCY_WORK V5 exact Oxford identity; source_index=2211; definition_path=/us/definition/english/fossil; exact_definition='the parts of a dead animal or a plant that have become hard and turned into rock'; selected_candidate_method=en_wiktionary_sense_bound_uk_translation; sense_source='English Wiktionary'; sense_gloss='The mineralized remains of an animal or plant'; gloss_definition_similarity=0.692; morphology='multiword lexical phrase; V4 lexical/POS form accepted'; surface_mt_never_sole_pass=PASS	MANUAL_EMERGENCY_WORK_20260820_FIRST_PASS_V5_round01	MANUAL_EMERGENCY_WORK_20260820_SECOND_PASS_V5_round01	PASS V5: V5 PASS: sense-bound Wiktionary bilingual confirmation + exact Oxford definition + canonical Ukrainian lemma; gloss_similarity=0.692; overlap=2; multiword lexical phrase; V4 lexical/POS form accepted; exact Oxford definition='the parts of a dead animal or a plant that have become hard and turned into rock'; reverse='phosília'; lexical_support=0.429.
ox5000-94877a610fe8476c7f15	genetic	adjective	B2	verified	генети́чний	https://www.oxfordlearnersdictionaries.com/us/definition/english/genetic	MANUAL_EMERGENCY_WORK V5 exact Oxford identity; source_index=2311; definition_path=/us/definition/english/genetic; exact_definition='connected with genes (= the units in the cells of a living thing that control its physical characteristics) or genetics (= the study of genes )'; selected_candidate_method=en_wiktionary_sense_bound_uk_translation; sense_source='English Wiktionary'; sense_gloss='relating to genetics or genes'; gloss_definition_similarity=0.739; morphology='multiword lexical phrase; V4 lexical/POS form accepted'; surface_mt_never_sole_pass=PASS	MANUAL_EMERGENCY_WORK_20260820_FIRST_PASS_V5_round01	MANUAL_EMERGENCY_WORK_20260820_SECOND_PASS_V5_round01	PASS V5: V5 PASS: sense-bound Wiktionary bilingual confirmation + exact Oxford definition + canonical Ukrainian lemma; gloss_similarity=0.739; overlap=2; multiword lexical phrase; V4 lexical/POS form accepted; exact Oxford definition='connected with genes (= the units in the cells of a living thing that control its physical characteristics) or genetics (= the study of genes )'; reverse='genetic'; lexical_support=1.000.
ox5000-05655f6fadd0b485ca75	genuine	adjective	B2	verified	спра́вжній	https://www.oxfordlearnersdictionaries.com/us/definition/english/genuine	MANUAL_EMERGENCY_WORK V5 exact Oxford identity; source_index=2317; definition_path=/us/definition/english/genuine; exact_definition='real; exactly what it appears to be; not artificial'; selected_candidate_method=en_wiktionary_sense_bound_uk_translation; sense_source='English Wiktionary'; sense_gloss='real, authentic'; gloss_definition_similarity=0.755; morphology='multiword lexical phrase; V4 lexical/POS form accepted'; surface_mt_never_sole_pass=PASS	MANUAL_EMERGENCY_WORK_20260820_FIRST_PASS_V5_round01	MANUAL_EMERGENCY_WORK_20260820_SECOND_PASS_V5_round01	PASS V5: V5 PASS: sense-bound Wiktionary bilingual confirmation + exact Oxford definition + canonical Ukrainian lemma; gloss_similarity=0.755; overlap=1; multiword lexical phrase; V4 lexical/POS form accepted; exact Oxford definition='real; exactly what it appears to be; not artificial'; reverse='question'; lexical_support=0.267.
ox5000-101f93ba1a99dadfbee0	honesty	noun	B2	verified	правди́вість	https://www.oxfordlearnersdictionaries.com/us/definition/english/honesty	MANUAL_EMERGENCY_WORK V5 exact Oxford identity; source_index=2554; definition_path=/us/definition/english/honesty; exact_definition='the quality of being honest'; selected_candidate_method=en_wiktionary_sense_bound_uk_translation; sense_source='English Wiktionary'; sense_gloss='quality of being honest'; gloss_definition_similarity=0.991; morphology='multiword lexical phrase; V4 lexical/POS form accepted'; surface_mt_never_sole_pass=PASS	MANUAL_EMERGENCY_WORK_20260820_FIRST_PASS_V5_round01	MANUAL_EMERGENCY_WORK_20260820_SECOND_PASS_V5_round01	PASS V5: V5 PASS: sense-bound Wiktionary bilingual confirmation + exact Oxford definition + canonical Ukrainian lemma; gloss_similarity=0.991; overlap=2; multiword lexical phrase; V4 lexical/POS form accepted; exact Oxford definition='the quality of being honest'; reverse='Truthfulness'; lexical_support=0.421.
ox5000-dac0118b6e5ac4e7e31f	icon	noun	B2	verified	піктогра́ма	https://www.oxfordlearnersdictionaries.com/us/definition/english/icon	MANUAL_EMERGENCY_WORK V5 exact Oxford identity; source_index=2609; definition_path=/us/definition/english/icon; exact_definition='a small symbol on a computer or smartphone screen that represents a program or a file'; selected_candidate_method=en_wiktionary_sense_bound_uk_translation; sense_source='English Wiktionary'; sense_gloss='small picture, computer icon'; gloss_definition_similarity=0.793; morphology='multiword lexical phrase; V4 lexical/POS form accepted'; surface_mt_never_sole_pass=PASS	MANUAL_EMERGENCY_WORK_20260820_FIRST_PASS_V5_round01	MANUAL_EMERGENCY_WORK_20260820_SECOND_PASS_V5_round01	PASS V5: V5 PASS: sense-bound Wiktionary bilingual confirmation + exact Oxford definition + canonical Ukrainian lemma; gloss_similarity=0.793; overlap=2; multiword lexical phrase; V4 lexical/POS form accepted; exact Oxford definition='a small symbol on a computer or smartphone screen that represents a program or a file'; reverse='pictograma'; lexical_support=0.429.
ox5000-0619be0d2f24cb68b967	incorporate	verb	B2	verified	включа́ти	https://www.oxfordlearnersdictionaries.com/us/definition/english/incorporate	MANUAL_EMERGENCY_WORK V5 exact Oxford identity; source_index=2678; definition_path=/us/definition/english/incorporate; exact_definition='to include something so that it forms a part of something'; selected_candidate_method=en_wiktionary_sense_bound_uk_translation; sense_source='English Wiktionary'; sense_gloss='include as a part or ingredient|integrate'; gloss_definition_similarity=0.678; morphology='multiword lexical phrase; V4 lexical/POS form accepted'; surface_mt_never_sole_pass=PASS	MANUAL_EMERGENCY_WORK_20260820_FIRST_PASS_V5_round01	MANUAL_EMERGENCY_WORK_20260820_SECOND_PASS_V5_round01	PASS V5: V5 PASS: sense-bound Wiktionary bilingual confirmation + exact Oxford definition + canonical Ukrainian lemma; gloss_similarity=0.678; overlap=2; multiword lexical phrase; V4 lexical/POS form accepted; exact Oxford definition='to include something so that it forms a part of something'; reverse='include'; lexical_support=0.444.
ox5000-06646a689dd3273e1c93	inevitable	adjective	B2	verified	невідворо́тний	https://www.oxfordlearnersdictionaries.com/us/definition/english/inevitable	MANUAL_EMERGENCY_WORK V5 exact Oxford identity; source_index=2705; definition_path=/us/definition/english/inevitable; exact_definition='that you cannot avoid or prevent'; selected_candidate_method=en_wiktionary_sense_bound_uk_translation; sense_source='English Wiktionary'; sense_gloss='impossible to avoid or prevent'; gloss_definition_similarity=0.845; morphology='multiword lexical phrase; V4 lexical/POS form accepted'; surface_mt_never_sole_pass=PASS	MANUAL_EMERGENCY_WORK_20260820_FIRST_PASS_V5_round01	MANUAL_EMERGENCY_WORK_20260820_SECOND_PASS_V5_round01	PASS V5: V5 PASS: sense-bound Wiktionary bilingual confirmation + exact Oxford definition + canonical Ukrainian lemma; gloss_similarity=0.845; overlap=2; multiword lexical phrase; V4 lexical/POS form accepted; exact Oxford definition='that you cannot avoid or prevent'; reverse='non-conformal'; lexical_support=0.261.
ox5000-f0ae610ae73d64453087	inflation	noun	B2	verified	інфля́ція	https://www.oxfordlearnersdictionaries.com/us/definition/english/inflation	MANUAL_EMERGENCY_WORK V5 exact Oxford identity; source_index=2712; definition_path=/us/definition/english/inflation; exact_definition='a fall in the value of money and a general increase in prices; the rate at which this happens'; selected_candidate_method=en_wiktionary_sense_bound_uk_translation; sense_source='English Wiktionary'; sense_gloss='increase in the quantity of money, leading to a devaluation of existing money and increase in the general nominal level of prices or in the cost of living'; gloss_definition_similarity=0.813; morphology='multiword lexical phrase; V4 lexical/POS form accepted'; surface_mt_never_sole_pass=PASS	MANUAL_EMERGENCY_WORK_20260820_FIRST_PASS_V5_round01	MANUAL_EMERGENCY_WORK_20260820_SECOND_PASS_V5_round01	PASS V5: V5 PASS: sense-bound Wiktionary bilingual confirmation + exact Oxford definition + canonical Ukrainian lemma; gloss_similarity=0.813; overlap=4; multiword lexical phrase; V4 lexical/POS form accepted; exact Oxford definition='a fall in the value of money and a general increase in prices; the rate at which this happens'; reverse='inflation'; lexical_support=1.000.
ox5000-67085d75a6593c5849c3	invade	verb	B2	verified	вторга́тися	https://www.oxfordlearnersdictionaries.com/us/definition/english/invade	MANUAL_EMERGENCY_WORK V5 exact Oxford identity; source_index=2828; definition_path=/us/definition/english/invade; exact_definition='to enter a country, town, etc. using military force in order to take control of it'; selected_candidate_method=en_wiktionary_sense_bound_uk_translation; sense_source='English Wiktionary'; sense_gloss='to enter by force in order to conquer'; gloss_definition_similarity=0.696; morphology='multiword lexical phrase; V4 lexical/POS form accepted'; surface_mt_never_sole_pass=PASS	MANUAL_EMERGENCY_WORK_20260820_FIRST_PASS_V5_round01	MANUAL_EMERGENCY_WORK_20260820_SECOND_PASS_V5_round01	PASS V5: V5 PASS: sense-bound Wiktionary bilingual confirmation + exact Oxford definition + canonical Ukrainian lemma; gloss_similarity=0.696; overlap=3; multiword lexical phrase; V4 lexical/POS form accepted; exact Oxford definition='to enter a country, town, etc. using military force in order to take control of it'; reverse='invade'; lexical_support=1.000.
ox5000-5ec2e0bf7bd7159c4fa2	investor	noun	B2	verified	інве́стор	https://www.oxfordlearnersdictionaries.com/us/definition/english/investor	MANUAL_EMERGENCY_WORK V5 exact Oxford identity; source_index=2837; definition_path=/us/definition/english/investor; exact_definition='a person or an organization that invests money in something'; selected_candidate_method=en_wiktionary_sense_bound_uk_translation; sense_source='English Wiktionary'; sense_gloss='person who invests money in order to make a profit'; gloss_definition_similarity=0.792; morphology='multiword lexical phrase; V4 lexical/POS form accepted'; surface_mt_never_sole_pass=PASS	MANUAL_EMERGENCY_WORK_20260820_FIRST_PASS_V5_round01	MANUAL_EMERGENCY_WORK_20260820_SECOND_PASS_V5_round01	PASS V5: V5 PASS: sense-bound Wiktionary bilingual confirmation + exact Oxford definition + canonical Ukrainian lemma; gloss_similarity=0.792; overlap=2; multiword lexical phrase; V4 lexical/POS form accepted; exact Oxford definition='a person or an organization that invests money in something'; reverse='investor'; lexical_support=1.000.
ox5000-717eebb531c2bbf433f9	legend	noun	B2	verified	леге́нда	https://www.oxfordlearnersdictionaries.com/us/definition/english/legend	MANUAL_EMERGENCY_WORK V5 exact Oxford identity; source_index=3009; definition_path=/us/definition/english/legend; exact_definition='a story from ancient times about people and events, that may or may not be true; this type of story'; selected_candidate_method=en_wiktionary_sense_bound_uk_translation; sense_source='English Wiktionary'; sense_gloss='story of unknown origin describing plausible but extraordinary past events'; gloss_definition_similarity=0.731; morphology='multiword lexical phrase; V4 lexical/POS form accepted'; surface_mt_never_sole_pass=PASS	MANUAL_EMERGENCY_WORK_20260820_FIRST_PASS_V5_round01	MANUAL_EMERGENCY_WORK_20260820_SECOND_PASS_V5_round01	PASS V5: V5 PASS: sense-bound Wiktionary bilingual confirmation + exact Oxford definition + canonical Ukrainian lemma; gloss_similarity=0.731; overlap=2; multiword lexical phrase; V4 lexical/POS form accepted; exact Oxford definition='a story from ancient times about people and events, that may or may not be true; this type of story'; reverse='legenda'; lexical_support=1.000.
ox5000-112880a33f9d8e34a9b3	literally	adverb	B2	verified	у прямо́му се́нсі	https://www.oxfordlearnersdictionaries.com/us/definition/english/literally	MANUAL_EMERGENCY_WORK V5 exact Oxford identity; source_index=3082; definition_path=/us/definition/english/literally; exact_definition='in a literal way'; selected_candidate_method=en_wiktionary_sense_bound_uk_translation; sense_source='English Wiktionary'; sense_gloss='in a literal manner'; gloss_definition_similarity=0.981; morphology='multiword lexical phrase; V4 lexical/POS form accepted'; surface_mt_never_sole_pass=PASS	MANUAL_EMERGENCY_WORK_20260820_FIRST_PASS_V5_round01	MANUAL_EMERGENCY_WORK_20260820_SECOND_PASS_V5_round01	PASS V5: V5 PASS: sense-bound Wiktionary bilingual confirmation + exact Oxford definition + canonical Ukrainian lemma; gloss_similarity=0.981; overlap=1; multiword lexical phrase; V4 lexical/POS form accepted; exact Oxford definition='in a literal way'; reverse='in direct seʹns'; lexical_support=0.250.
ox5000-9eabcb2d708b14389152	literary	adjective	B2	verified	книжко́вий	https://www.oxfordlearnersdictionaries.com/us/definition/english/literary	MANUAL_EMERGENCY_WORK V5 exact Oxford identity; source_index=3083; definition_path=/us/definition/english/literary; exact_definition='connected with literature'; selected_candidate_method=en_wiktionary_sense_bound_uk_translation; sense_source='English Wiktionary'; sense_gloss='relating to literature'; gloss_definition_similarity=0.908; morphology='multiword lexical phrase; V4 lexical/POS form accepted'; surface_mt_never_sole_pass=PASS	MANUAL_EMERGENCY_WORK_20260820_FIRST_PASS_V5_round01	MANUAL_EMERGENCY_WORK_20260820_SECOND_PASS_V5_round01	PASS V5: V5 PASS: sense-bound Wiktionary bilingual confirmation + exact Oxford definition + canonical Ukrainian lemma; gloss_similarity=0.908; overlap=1; multiword lexical phrase; V4 lexical/POS form accepted; exact Oxford definition='connected with literature'; reverse='book'; lexical_support=0.000.
ox5000-d86503c48a8e8690c121	martial	adjective	B2	verified	військо́вий	https://www.oxfordlearnersdictionaries.com/us/definition/english/martial	MANUAL_EMERGENCY_WORK V5 exact Oxford identity; source_index=3219; definition_path=/us/definition/english/martial; exact_definition='connected with fighting or war'; selected_candidate_method=en_wiktionary_sense_bound_uk_translation; sense_source='English Wiktionary'; sense_gloss='of, relating to, or suggestive of war|warlike'; gloss_definition_similarity=0.702; morphology='multiword lexical phrase; V4 lexical/POS form accepted'; surface_mt_never_sole_pass=PASS	MANUAL_EMERGENCY_WORK_20260820_FIRST_PASS_V5_round01	MANUAL_EMERGENCY_WORK_20260820_SECOND_PASS_V5_round01	PASS V5: V5 PASS: sense-bound Wiktionary bilingual confirmation + exact Oxford definition + canonical Ukrainian lemma; gloss_similarity=0.702; overlap=1; multiword lexical phrase; V4 lexical/POS form accepted; exact Oxford definition='connected with fighting or war'; reverse='army'; lexical_support=0.364.
ox5000-9eb52d5916fd39ec8a75	mayor	noun	B2	verified	мер	https://www.oxfordlearnersdictionaries.com/us/definition/english/mayor	MANUAL_EMERGENCY_WORK V5 exact Oxford identity; source_index=3247; definition_path=/us/definition/english/mayor; exact_definition='the head of the government of a town or city, etc., elected by the public'; selected_candidate_method=en_wiktionary_sense_bound_uk_translation; sense_source='English Wiktionary'; sense_gloss='leader of a city'; gloss_definition_similarity=0.776; morphology='pymorphy3 uk canonical lemma PASS; tag=NOUN,anim masc,nomn; score=1.0000'; surface_mt_never_sole_pass=PASS	MANUAL_EMERGENCY_WORK_20260820_FIRST_PASS_V5_round01	MANUAL_EMERGENCY_WORK_20260820_SECOND_PASS_V5_round01	PASS V5: V5 PASS: sense-bound Wiktionary bilingual confirmation + exact Oxford definition + canonical Ukrainian lemma; gloss_similarity=0.776; overlap=1; pymorphy3 uk canonical lemma PASS; tag=NOUN,anim masc,nomn; score=1.0000; exact Oxford definition='the head of the government of a town or city, etc., elected by the public'; reverse='mayor'; lexical_support=1.000.
ox5000-06cb5472f60a2edbcf2b	monthly	adjective	B2	verified	щомі́сячний	https://www.oxfordlearnersdictionaries.com/us/definition/english/monthly_1	MANUAL_EMERGENCY_WORK V5 exact Oxford identity; source_index=3374; definition_path=/us/definition/english/monthly_1; exact_definition='happening once a month or every month'; selected_candidate_method=en_wiktionary_sense_bound_uk_translation; sense_source='English Wiktionary'; sense_gloss='occurring every month'; gloss_definition_similarity=0.909; morphology='multiword lexical phrase; V4 lexical/POS form accepted'; surface_mt_never_sole_pass=PASS	MANUAL_EMERGENCY_WORK_20260820_FIRST_PASS_V5_round01	MANUAL_EMERGENCY_WORK_20260820_SECOND_PASS_V5_round01	PASS V5: V5 PASS: sense-bound Wiktionary bilingual confirmation + exact Oxford definition + canonical Ukrainian lemma; gloss_similarity=0.909; overlap=2; multiword lexical phrase; V4 lexical/POS form accepted; exact Oxford definition='happening once a month or every month'; reverse='monthly'; lexical_support=1.000.
ox5000-badee9d8f307959df126	ongoing	adjective	B2	verified	безупи́нний	https://www.oxfordlearnersdictionaries.com/us/definition/english/ongoing	MANUAL_EMERGENCY_WORK V5 exact Oxford identity; source_index=3622; definition_path=/us/definition/english/ongoing; exact_definition='continuing to exist or develop'; selected_candidate_method=en_wiktionary_sense_bound_uk_translation; sense_source='English Wiktionary'; sense_gloss='continuing, permanent'; gloss_definition_similarity=0.660; morphology='multiword lexical phrase; V4 lexical/POS form accepted'; surface_mt_never_sole_pass=PASS	MANUAL_EMERGENCY_WORK_20260820_FIRST_PASS_V5_round01	MANUAL_EMERGENCY_WORK_20260820_SECOND_PASS_V5_round01	PASS V5: V5 PASS: sense-bound Wiktionary bilingual confirmation + exact Oxford definition + canonical Ukrainian lemma; gloss_similarity=0.660; overlap=1; multiword lexical phrase; V4 lexical/POS form accepted; exact Oxford definition='continuing to exist or develop'; reverse='uninhibited'; lexical_support=0.333.
ox5000-019a4aa3fdffda49fc88	optimistic	adjective	B2	verified	оптимісти́чний	https://www.oxfordlearnersdictionaries.com/us/definition/english/optimistic	MANUAL_EMERGENCY_WORK V5 exact Oxford identity; source_index=3651; definition_path=/us/definition/english/optimistic; exact_definition='expecting good things to happen or something to be successful; showing this feeling'; selected_candidate_method=en_wiktionary_sense_bound_uk_translation; sense_source='English Wiktionary'; sense_gloss='expecting a good outcome'; gloss_definition_similarity=0.742; morphology='multiword lexical phrase; V4 lexical/POS form accepted'; surface_mt_never_sole_pass=PASS	MANUAL_EMERGENCY_WORK_20260820_FIRST_PASS_V5_round01	MANUAL_EMERGENCY_WORK_20260820_SECOND_PASS_V5_round01	PASS V5: V5 PASS: sense-bound Wiktionary bilingual confirmation + exact Oxford definition + canonical Ukrainian lemma; gloss_similarity=0.742; overlap=2; multiword lexical phrase; V4 lexical/POS form accepted; exact Oxford definition='expecting good things to happen or something to be successful; showing this feeling'; reverse='Optimistic'; lexical_support=1.000.
ox5000-2cbeb1855517af42f649	participation	noun	B2	verified	у́часть	https://www.oxfordlearnersdictionaries.com/us/definition/english/participation	MANUAL_EMERGENCY_WORK V5 exact Oxford identity; source_index=3768; definition_path=/us/definition/english/participation; exact_definition='the act of taking part in an activity or event'; selected_candidate_method=en_wiktionary_sense_bound_uk_translation; sense_source='English Wiktionary'; sense_gloss='act of participating'; gloss_definition_similarity=0.815; morphology='multiword lexical phrase; V4 lexical/POS form accepted'; surface_mt_never_sole_pass=PASS	MANUAL_EMERGENCY_WORK_20260820_FIRST_PASS_V5_round01	MANUAL_EMERGENCY_WORK_20260820_SECOND_PASS_V5_round01	PASS V5: V5 PASS: sense-bound Wiktionary bilingual confirmation + exact Oxford definition + canonical Ukrainian lemma; gloss_similarity=0.815; overlap=1; multiword lexical phrase; V4 lexical/POS form accepted; exact Oxford definition='the act of taking part in an activity or event'; reverse='participation'; lexical_support=1.000.
ox5000-4ed777656d24b1976443	philosophical	adjective	C1	verified	філософі́чний	https://www.oxfordlearnersdictionaries.com/us/definition/english/philosophical	MANUAL_EMERGENCY_WORK V5 exact Oxford identity; source_index=3852; definition_path=/us/definition/english/philosophical; exact_definition='connected with philosophy'; selected_candidate_method=en_wiktionary_sense_bound_uk_translation; sense_source='English Wiktionary'; sense_gloss='of or pertaining to philosophy'; gloss_definition_similarity=0.857; morphology='multiword lexical phrase; V4 lexical/POS form accepted'; surface_mt_never_sole_pass=PASS	MANUAL_EMERGENCY_WORK_20260820_FIRST_PASS_V5_round01	MANUAL_EMERGENCY_WORK_20260820_SECOND_PASS_V5_round01	PASS V5: V5 PASS: sense-bound Wiktionary bilingual confirmation + exact Oxford definition + canonical Ukrainian lemma; gloss_similarity=0.857; overlap=1; multiword lexical phrase; V4 lexical/POS form accepted; exact Oxford definition='connected with philosophy'; reverse='philosophical'; lexical_support=1.000.
ox5000-3f779a09de200359c0e7	pill	noun	B2	verified	табле́тка	https://www.oxfordlearnersdictionaries.com/us/definition/english/pill_1	MANUAL_EMERGENCY_WORK V5 exact Oxford identity; source_index=3874; definition_path=/us/definition/english/pill_1; exact_definition='a small flat round piece of medicine that you swallow whole, without biting it'; selected_candidate_method=en_wiktionary_sense_bound_uk_translation; sense_source='English Wiktionary'; sense_gloss='small object for swallowing'; gloss_definition_similarity=0.719; morphology='multiword lexical phrase; V4 lexical/POS form accepted'; surface_mt_never_sole_pass=PASS	MANUAL_EMERGENCY_WORK_20260820_FIRST_PASS_V5_round01	MANUAL_EMERGENCY_WORK_20260820_SECOND_PASS_V5_round01	PASS V5: V5 PASS: sense-bound Wiktionary bilingual confirmation + exact Oxford definition + canonical Ukrainian lemma; gloss_similarity=0.719; overlap=1; multiword lexical phrase; V4 lexical/POS form accepted; exact Oxford definition='a small flat round piece of medicine that you swallow whole, without biting it'; reverse='pill'; lexical_support=1.000.
ox5000-c15e293b147fe2223274	post-war	adjective	C1	verified	післявоє́нний	https://www.oxfordlearnersdictionaries.com/us/definition/english/post-war	MANUAL_EMERGENCY_WORK V5 exact Oxford identity; source_index=3971; definition_path=/us/definition/english/post-war; exact_definition='existing, happening or made in the period after a war, especially the Second World War'; selected_candidate_method=en_wiktionary_sense_bound_uk_translation; sense_source='English Wiktionary'; sense_gloss='pertaining to a period following the end of a war'; gloss_definition_similarity=0.770; morphology='multiword lexical phrase; V4 lexical/POS form accepted'; surface_mt_never_sole_pass=PASS	MANUAL_EMERGENCY_WORK_20260820_FIRST_PASS_V5_round01	MANUAL_EMERGENCY_WORK_20260820_SECOND_PASS_V5_round01	PASS V5: V5 PASS: sense-bound Wiktionary bilingual confirmation + exact Oxford definition + canonical Ukrainian lemma; gloss_similarity=0.770; overlap=2; multiword lexical phrase; V4 lexical/POS form accepted; exact Oxford definition='existing, happening or made in the period after a war, especially the Second World War'; reverse='postwar'; lexical_support=0.933.
ox5000-0de61af433bd2562aabd	presume	verb	C1	verified	Припускати	https://www.oxfordlearnersdictionaries.com/us/definition/english/presume	MANUAL_EMERGENCY_WORK V5 exact Oxford identity; source_index=4038; definition_path=/us/definition/english/presume; exact_definition='to suppose that something is true, although you do not have actual proof'; selected_candidate_method=Helsinki-NLP/opus-mt-en-uk_surface_candidate; sense_source=''; sense_gloss=''; gloss_definition_similarity=1.000; morphology='pymorphy3 uk canonical lemma PASS; tag=VERB,impf infn; score=1.0000'; surface_mt_never_sole_pass=PASS	MANUAL_EMERGENCY_WORK_20260820_FIRST_PASS_V5_round01	MANUAL_EMERGENCY_WORK_20260820_SECOND_PASS_V5_round01	PASS V5: V5 PASS: surface candidate independently confirmed by aligned sense-bound Wiktionary translation + canonical Ukrainian lemma; pymorphy3 uk canonical lemma PASS; tag=VERB,impf infn; score=1.0000; exact Oxford definition='to suppose that something is true, although you do not have actual proof'; reverse='& Accept'; lexical_support=0.154.
ox5000-83688944d1f5d4e61640	prevention	noun	C1	verified	запобігання	https://www.oxfordlearnersdictionaries.com/us/definition/english/prevention	MANUAL_EMERGENCY_WORK V5 exact Oxford identity; source_index=4045; definition_path=/us/definition/english/prevention; exact_definition='the act of stopping something bad from happening'; selected_candidate_method=en_wiktionary_sense_bound_uk_translation; sense_source='English Wiktionary'; sense_gloss='The act of preventing or hindering'; gloss_definition_similarity=0.766; morphology='pymorphy3 uk canonical lemma PASS; tag=NOUN,inan neut,nomn; score=1.0000'; surface_mt_never_sole_pass=PASS	MANUAL_EMERGENCY_WORK_20260820_FIRST_PASS_V5_round01	MANUAL_EMERGENCY_WORK_20260820_SECOND_PASS_V5_round01	PASS V5: V5 PASS: sense-bound Wiktionary bilingual confirmation + exact Oxford definition + canonical Ukrainian lemma; gloss_similarity=0.766; overlap=1; pymorphy3 uk canonical lemma PASS; tag=NOUN,inan neut,nomn; score=1.0000; exact Oxford definition='the act of stopping something bad from happening'; reverse='prevention'; lexical_support=1.000.
ox5000-e7a611cfa41abec93a0e	programming	noun	B2	verified	програмува́ння	https://www.oxfordlearnersdictionaries.com/us/definition/english/programming	MANUAL_EMERGENCY_WORK V5 exact Oxford identity; source_index=4108; definition_path=/us/definition/english/programming; exact_definition='the process of writing and testing computer programs'; selected_candidate_method=en_wiktionary_sense_bound_uk_translation; sense_source='English Wiktionary'; sense_gloss='act of writing a computer program'; gloss_definition_similarity=0.784; morphology='multiword lexical phrase; V4 lexical/POS form accepted'; surface_mt_never_sole_pass=PASS	MANUAL_EMERGENCY_WORK_20260820_FIRST_PASS_V5_round01	MANUAL_EMERGENCY_WORK_20260820_SECOND_PASS_V5_round01	PASS V5: V5 PASS: sense-bound Wiktionary bilingual confirmation + exact Oxford definition + canonical Ukrainian lemma; gloss_similarity=0.784; overlap=2; multiword lexical phrase; V4 lexical/POS form accepted; exact Oxford definition='the process of writing and testing computer programs'; reverse='programming'; lexical_support=1.000.
ox5000-58465406ddb00a4ab660	proposition	noun	C1	verified	пропози́ція	https://www.oxfordlearnersdictionaries.com/us/definition/english/proposition_1	MANUAL_EMERGENCY_WORK V5 exact Oxford identity; source_index=4133; definition_path=/us/definition/english/proposition_1; exact_definition='an idea or a plan of action that is suggested, especially in business'; selected_candidate_method=en_wiktionary_sense_bound_uk_translation; sense_source='English Wiktionary'; sense_gloss='idea or plan offered'; gloss_definition_similarity=0.805; morphology='multiword lexical phrase; V4 lexical/POS form accepted'; surface_mt_never_sole_pass=PASS	MANUAL_EMERGENCY_WORK_20260820_FIRST_PASS_V5_round01	MANUAL_EMERGENCY_WORK_20260820_SECOND_PASS_V5_round01	PASS V5: V5 PASS: sense-bound Wiktionary bilingual confirmation + exact Oxford definition + canonical Ukrainian lemma; gloss_similarity=0.805; overlap=2; multiword lexical phrase; V4 lexical/POS form accepted; exact Oxford definition='an idea or a plan of action that is suggested, especially in business'; reverse='offer'; lexical_support=0.125.
ox5000-638f021918f23d527d49	radar	noun	C1	verified	радіолока́тор	https://www.oxfordlearnersdictionaries.com/us/definition/english/radar	MANUAL_EMERGENCY_WORK V5 exact Oxford identity; source_index=4221; definition_path=/us/definition/english/radar; exact_definition='a system that uses radio waves to find the position and movement of objects, for example planes and ships, when they cannot be seen'; selected_candidate_method=en_wiktionary_sense_bound_uk_translation; sense_source='English Wiktionary'; sense_gloss='method of detecting a distant object by analysing radio waves which are sent towards the object and which reflect off its surfaces; field of study of this method'; gloss_definition_similarity=0.721; morphology='multiword lexical phrase; V4 lexical/POS form accepted'; surface_mt_never_sole_pass=PASS	MANUAL_EMERGENCY_WORK_20260820_FIRST_PASS_V5_round01	MANUAL_EMERGENCY_WORK_20260820_SECOND_PASS_V5_round01	PASS V5: V5 PASS: sense-bound Wiktionary bilingual confirmation + exact Oxford definition + canonical Ukrainian lemma; gloss_similarity=0.721; overlap=2; multiword lexical phrase; V4 lexical/POS form accepted; exact Oxford definition='a system that uses radio waves to find the position and movement of objects, for example planes and ships, when they cannot be seen'; reverse='radiolokator'; lexical_support=0.588.
ox5000-6ce48c0a27b361c09fb2	radiation	noun	B2	verified	радіа́ція	https://www.oxfordlearnersdictionaries.com/us/definition/english/radiation	MANUAL_EMERGENCY_WORK V5 exact Oxford identity; source_index=4222; definition_path=/us/definition/english/radiation; exact_definition='powerful and very dangerous rays that are sent out from radioactive substances'; selected_candidate_method=en_wiktionary_sense_bound_uk_translation; sense_source='English Wiktionary'; sense_gloss='radioactive energy'; gloss_definition_similarity=0.777; morphology='multiword lexical phrase; V4 lexical/POS form accepted'; surface_mt_never_sole_pass=PASS	MANUAL_EMERGENCY_WORK_20260820_FIRST_PASS_V5_round01	MANUAL_EMERGENCY_WORK_20260820_SECOND_PASS_V5_round01	PASS V5: V5 PASS: sense-bound Wiktionary bilingual confirmation + exact Oxford definition + canonical Ukrainian lemma; gloss_similarity=0.777; overlap=1; multiword lexical phrase; V4 lexical/POS form accepted; exact Oxford definition='powerful and very dangerous rays that are sent out from radioactive substances'; reverse='Radiation'; lexical_support=1.000.
ox5000-c75dbfcf2cdc43a6bffd	reign	noun	C1	verified	царюва́ння	https://www.oxfordlearnersdictionaries.com/us/definition/english/reign_1	MANUAL_EMERGENCY_WORK V5 exact Oxford identity; source_index=4343; definition_path=/us/definition/english/reign_1; exact_definition='the period during which a king, queen, emperor , etc. rules'; selected_candidate_method=en_wiktionary_sense_bound_uk_translation; sense_source='English Wiktionary'; sense_gloss='the period during which a monarch rules'; gloss_definition_similarity=0.895; morphology='multiword lexical phrase; V4 lexical/POS form accepted'; surface_mt_never_sole_pass=PASS	MANUAL_EMERGENCY_WORK_20260820_FIRST_PASS_V5_round01	MANUAL_EMERGENCY_WORK_20260820_SECOND_PASS_V5_round01	PASS V5: V5 PASS: sense-bound Wiktionary bilingual confirmation + exact Oxford definition + canonical Ukrainian lemma; gloss_similarity=0.895; overlap=3; multiword lexical phrase; V4 lexical/POS form accepted; exact Oxford definition='the period during which a king, queen, emperor , etc. rules'; reverse='Kingship'; lexical_support=0.308.
ox5000-cb8f971d89616d8fc057	rejection	noun	C1	verified	відхи́лення	https://www.oxfordlearnersdictionaries.com/us/definition/english/rejection	MANUAL_EMERGENCY_WORK V5 exact Oxford identity; source_index=4347; definition_path=/us/definition/english/rejection; exact_definition='the act of refusing to accept or consider something'; selected_candidate_method=en_wiktionary_sense_bound_uk_translation; sense_source='English Wiktionary'; sense_gloss='act of rejecting'; gloss_definition_similarity=0.846; morphology='multiword lexical phrase; V4 lexical/POS form accepted'; surface_mt_never_sole_pass=PASS	MANUAL_EMERGENCY_WORK_20260820_FIRST_PASS_V5_round01	MANUAL_EMERGENCY_WORK_20260820_SECOND_PASS_V5_round01	PASS V5: V5 PASS: sense-bound Wiktionary bilingual confirmation + exact Oxford definition + canonical Ukrainian lemma; gloss_similarity=0.846; overlap=1; multiword lexical phrase; V4 lexical/POS form accepted; exact Oxford definition='the act of refusing to accept or consider something'; reverse='declination'; lexical_support=0.600.
ox5000-de598a185376641994a0	renowned	adjective	C1	verified	знаменитий	https://www.oxfordlearnersdictionaries.com/us/definition/english/renowned	MANUAL_EMERGENCY_WORK V5 exact Oxford identity; source_index=4387; definition_path=/us/definition/english/renowned; exact_definition='famous and respected'; selected_candidate_method=en_wiktionary_sense_bound_uk_translation; sense_source='English Wiktionary'; sense_gloss='famous'; gloss_definition_similarity=0.848; morphology='pymorphy3 uk canonical lemma PASS; tag=ADJF,compb masc,nomn; score=1.0000'; surface_mt_never_sole_pass=PASS	MANUAL_EMERGENCY_WORK_20260820_FIRST_PASS_V5_round01	MANUAL_EMERGENCY_WORK_20260820_SECOND_PASS_V5_round01	PASS V5: V5 PASS: sense-bound Wiktionary bilingual confirmation + exact Oxford definition + canonical Ukrainian lemma; gloss_similarity=0.848; overlap=1; pymorphy3 uk canonical lemma PASS; tag=ADJF,compb masc,nomn; score=1.0000; exact Oxford definition='famous and respected'; reverse='famous'; lexical_support=0.143.
ox5000-0025be25ef16855099a4	respective	adjective	C1	verified	відпові́дний	https://www.oxfordlearnersdictionaries.com/us/definition/english/respective	MANUAL_EMERGENCY_WORK V5 exact Oxford identity; source_index=4442; definition_path=/us/definition/english/respective; exact_definition='belonging or relating separately to each of the people or things already mentioned'; selected_candidate_method=en_wiktionary_sense_bound_uk_translation; sense_source='English Wiktionary'; sense_gloss='referencing two or more things as individuals'; gloss_definition_similarity=0.685; morphology='multiword lexical phrase; V4 lexical/POS form accepted'; surface_mt_never_sole_pass=PASS	MANUAL_EMERGENCY_WORK_20260820_FIRST_PASS_V5_round01	MANUAL_EMERGENCY_WORK_20260820_SECOND_PASS_V5_round01	PASS V5: V5 PASS: sense-bound Wiktionary bilingual confirmation + exact Oxford definition + canonical Ukrainian lemma; gloss_similarity=0.685; overlap=1; multiword lexical phrase; V4 lexical/POS form accepted; exact Oxford definition='belonging or relating separately to each of the people or things already mentioned'; reverse='reply'; lexical_support=0.400.
ox5000-5d20149d99ee9637e163	restore	verb	B2	verified	відновля́ти	https://www.oxfordlearnersdictionaries.com/us/definition/english/restore	MANUAL_EMERGENCY_WORK V5 exact Oxford identity; source_index=4452; definition_path=/us/definition/english/restore; exact_definition='to bring back a situation or feeling that existed before'; selected_candidate_method=en_wiktionary_sense_bound_uk_translation; sense_source='English Wiktionary'; sense_gloss='to reestablish, or bring back into existence'; gloss_definition_similarity=0.693; morphology='multiword lexical phrase; V4 lexical/POS form accepted'; surface_mt_never_sole_pass=PASS	MANUAL_EMERGENCY_WORK_20260820_FIRST_PASS_V5_round01	MANUAL_EMERGENCY_WORK_20260820_SECOND_PASS_V5_round01	PASS V5: V5 PASS: sense-bound Wiktionary bilingual confirmation + exact Oxford definition + canonical Ukrainian lemma; gloss_similarity=0.693; overlap=2; multiword lexical phrase; V4 lexical/POS form accepted; exact Oxford definition='to bring back a situation or feeling that existed before'; reverse='restore'; lexical_support=1.000.
ox5000-aaf930aa90cdde500437	revolutionary	adjective	C1	verified	революці́йний	https://www.oxfordlearnersdictionaries.com/us/definition/english/revolutionary_1	MANUAL_EMERGENCY_WORK V5 exact Oxford identity; source_index=4483; definition_path=/us/definition/english/revolutionary_1; exact_definition='connected with political revolution'; selected_candidate_method=en_wiktionary_sense_bound_uk_translation; sense_source='English Wiktionary'; sense_gloss='of or pertaining to a revolution in government'; gloss_definition_similarity=0.779; morphology='multiword lexical phrase; V4 lexical/POS form accepted'; surface_mt_never_sole_pass=PASS	MANUAL_EMERGENCY_WORK_20260820_FIRST_PASS_V5_round01	MANUAL_EMERGENCY_WORK_20260820_SECOND_PASS_V5_round01	PASS V5: V5 PASS: sense-bound Wiktionary bilingual confirmation + exact Oxford definition + canonical Ukrainian lemma; gloss_similarity=0.779; overlap=1; multiword lexical phrase; V4 lexical/POS form accepted; exact Oxford definition='connected with political revolution'; reverse='revolutionized'; lexical_support=0.741.
ox5000-7f715330b02df62ded5a	separation	noun	C1	verified	розлу́ка	https://www.oxfordlearnersdictionaries.com/us/definition/english/separation	MANUAL_EMERGENCY_WORK V5 exact Oxford identity; source_index=4685; definition_path=/us/definition/english/separation; exact_definition='the act of separating people or things; the state of being separate'; selected_candidate_method=en_wiktionary_sense_bound_uk_translation; sense_source='English Wiktionary'; sense_gloss='act of disuniting two or more things'; gloss_definition_similarity=0.711; morphology='multiword lexical phrase; V4 lexical/POS form accepted'; surface_mt_never_sole_pass=PASS	MANUAL_EMERGENCY_WORK_20260820_FIRST_PASS_V5_round01	MANUAL_EMERGENCY_WORK_20260820_SECOND_PASS_V5_round01	PASS V5: V5 PASS: sense-bound Wiktionary bilingual confirmation + exact Oxford definition + canonical Ukrainian lemma; gloss_similarity=0.711; overlap=2; multiword lexical phrase; V4 lexical/POS form accepted; exact Oxford definition='the act of separating people or things; the state of being separate'; reverse='Separation'; lexical_support=1.000.
ox5000-351ced5f86497f5f4a9e	shareholder	noun	C1	verified	акціоне́рка	https://www.oxfordlearnersdictionaries.com/us/definition/english/shareholder	MANUAL_EMERGENCY_WORK V5 exact Oxford identity; source_index=4726; definition_path=/us/definition/english/shareholder; exact_definition='an owner of shares in a company or business'; selected_candidate_method=en_wiktionary_sense_bound_uk_translation; sense_source='English Wiktionary'; sense_gloss='one who owns shares of stock'; gloss_definition_similarity=0.835; morphology='multiword lexical phrase; V4 lexical/POS form accepted'; surface_mt_never_sole_pass=PASS	MANUAL_EMERGENCY_WORK_20260820_FIRST_PASS_V5_round01	MANUAL_EMERGENCY_WORK_20260820_SECOND_PASS_V5_round01	PASS V5: V5 PASS: sense-bound Wiktionary bilingual confirmation + exact Oxford definition + canonical Ukrainian lemma; gloss_similarity=0.835; overlap=1; multiword lexical phrase; V4 lexical/POS form accepted; exact Oxford definition='an owner of shares in a company or business'; reverse='akzionika'; lexical_support=0.200.
ox5000-964d8fd1fcb5f146fdc6	shatter	verb	C1	verified	трощи́ти	https://www.oxfordlearnersdictionaries.com/us/definition/english/shatter	MANUAL_EMERGENCY_WORK V5 exact Oxford identity; source_index=4728; definition_path=/us/definition/english/shatter; exact_definition='to suddenly break into small pieces; to make something suddenly break into small pieces'; selected_candidate_method=en_wiktionary_sense_bound_uk_translation; sense_source='English Wiktionary'; sense_gloss='to violently break something into pieces'; gloss_definition_similarity=0.752; morphology='multiword lexical phrase; V4 lexical/POS form accepted'; surface_mt_never_sole_pass=PASS	MANUAL_EMERGENCY_WORK_20260820_FIRST_PASS_V5_round01	MANUAL_EMERGENCY_WORK_20260820_SECOND_PASS_V5_round01	PASS V5: V5 PASS: sense-bound Wiktionary bilingual confirmation + exact Oxford definition + canonical Ukrainian lemma; gloss_similarity=0.752; overlap=3; multiword lexical phrase; V4 lexical/POS form accepted; exact Oxford definition='to suddenly break into small pieces; to make something suddenly break into small pieces'; reverse='treble'; lexical_support=0.308.
ox5000-e9398be87e92c4565700	shrug	verb	C1	verified	зниза́ти плечи́ма	https://www.oxfordlearnersdictionaries.com/us/definition/english/shrug_1	MANUAL_EMERGENCY_WORK V5 exact Oxford identity; source_index=4771; definition_path=/us/definition/english/shrug_1; exact_definition='to raise your shoulders and then drop them to show that you do not know or care about something'; selected_candidate_method=en_wiktionary_sense_bound_uk_translation; sense_source='English Wiktionary'; sense_gloss='to raise the shoulders to express uncertainty, lack of concern, etc.'; gloss_definition_similarity=0.679; morphology='multiword lexical phrase; V4 lexical/POS form accepted'; surface_mt_never_sole_pass=PASS	MANUAL_EMERGENCY_WORK_20260820_FIRST_PASS_V5_round01	MANUAL_EMERGENCY_WORK_20260820_SECOND_PASS_V5_round01	PASS V5: V5 PASS: sense-bound Wiktionary bilingual confirmation + exact Oxford definition + canonical Ukrainian lemma; gloss_similarity=0.679; overlap=2; multiword lexical phrase; V4 lexical/POS form accepted; exact Oxford definition='to raise your shoulders and then drop them to show that you do not know or care about something'; reverse='Lower shoulders'; lexical_support=0.300.
ox5000-3560fef85dd1fc6debc0	sibling	noun	B2	verified	родже́нство	https://www.oxfordlearnersdictionaries.com/us/definition/english/sibling	MANUAL_EMERGENCY_WORK V5 exact Oxford identity; source_index=4775; definition_path=/us/definition/english/sibling; exact_definition='a brother or sister'; selected_candidate_method=en_wiktionary_sense_bound_uk_translation; sense_source='English Wiktionary'; sense_gloss='person who shares same parents|brother|sister'; gloss_definition_similarity=0.711; morphology='multiword lexical phrase; V4 lexical/POS form accepted'; surface_mt_never_sole_pass=PASS	MANUAL_EMERGENCY_WORK_20260820_FIRST_PASS_V5_round01	MANUAL_EMERGENCY_WORK_20260820_SECOND_PASS_V5_round01	PASS V5: V5 PASS: sense-bound Wiktionary bilingual confirmation + exact Oxford definition + canonical Ukrainian lemma; gloss_similarity=0.711; overlap=2; multiword lexical phrase; V4 lexical/POS form accepted; exact Oxford definition='a brother or sister'; reverse='being a member of the family'; lexical_support=0.229.
ox5000-b0fded582d3311d3af45	sigh	noun	C1	verified	зітха́ння	https://www.oxfordlearnersdictionaries.com/us/definition/english/sigh_2	MANUAL_EMERGENCY_WORK V5 exact Oxford identity; source_index=4778; definition_path=/us/definition/english/sigh_2; exact_definition='an act or the sound of sighing'; selected_candidate_method=en_wiktionary_sense_bound_uk_translation; sense_source='English Wiktionary'; sense_gloss='act of sighing'; gloss_definition_similarity=0.856; morphology='multiword lexical phrase; V4 lexical/POS form accepted'; surface_mt_never_sole_pass=PASS	MANUAL_EMERGENCY_WORK_20260820_FIRST_PASS_V5_round01	MANUAL_EMERGENCY_WORK_20260820_SECOND_PASS_V5_round01	PASS V5: V5 PASS: sense-bound Wiktionary bilingual confirmation + exact Oxford definition + canonical Ukrainian lemma; gloss_similarity=0.856; overlap=2; multiword lexical phrase; V4 lexical/POS form accepted; exact Oxford definition='an act or the sound of sighing'; reverse='sigh'; lexical_support=1.000.
ox5000-81811128ebe7ad5e2425	socialist	adjective	C1	verified	соціалісти́чний	https://www.oxfordlearnersdictionaries.com/us/definition/english/socialist_1	MANUAL_EMERGENCY_WORK V5 exact Oxford identity; source_index=4881; definition_path=/us/definition/english/socialist_1; exact_definition='connected with socialism'; selected_candidate_method=en_wiktionary_sense_bound_uk_translation; sense_source='English Wiktionary'; sense_gloss='Of, relating to, supporting, or advocating socialism'; gloss_definition_similarity=0.795; morphology='multiword lexical phrase; V4 lexical/POS form accepted'; surface_mt_never_sole_pass=PASS	MANUAL_EMERGENCY_WORK_20260820_FIRST_PASS_V5_round01	MANUAL_EMERGENCY_WORK_20260820_SECOND_PASS_V5_round01	PASS V5: V5 PASS: sense-bound Wiktionary bilingual confirmation + exact Oxford definition + canonical Ukrainian lemma; gloss_similarity=0.795; overlap=1; multiword lexical phrase; V4 lexical/POS form accepted; exact Oxford definition='connected with socialism'; reverse='Socialistic'; lexical_support=1.000.
ox5000-0de976d449afd0d958f1	spin	verb	C1	verified	оберта́тися	https://www.oxfordlearnersdictionaries.com/us/definition/english/spin_1	MANUAL_EMERGENCY_WORK V5 exact Oxford identity; source_index=4969; definition_path=/us/definition/english/spin_1; exact_definition='to turn round and round quickly; to make something do this'; selected_candidate_method=en_wiktionary_sense_bound_uk_translation; sense_source='English Wiktionary'; sense_gloss='to turn around quickly'; gloss_definition_similarity=0.745; morphology='multiword lexical phrase; V4 lexical/POS form accepted'; surface_mt_never_sole_pass=PASS	MANUAL_EMERGENCY_WORK_20260820_FIRST_PASS_V5_round01	MANUAL_EMERGENCY_WORK_20260820_SECOND_PASS_V5_round01	PASS V5: V5 PASS: sense-bound Wiktionary bilingual confirmation + exact Oxford definition + canonical Ukrainian lemma; gloss_similarity=0.745; overlap=2; multiword lexical phrase; V4 lexical/POS form accepted; exact Oxford definition='to turn round and round quickly; to make something do this'; reverse='rotate'; lexical_support=0.000.
ox5000-7ede5024152dd882302d	spokesman	noun	B2	verified	спі́кер	https://www.oxfordlearnersdictionaries.com/us/definition/english/spokesman	MANUAL_EMERGENCY_WORK V5 exact Oxford identity; source_index=4978; definition_path=/us/definition/english/spokesman; exact_definition='a person who speaks for a group or an organization'; selected_candidate_method=en_wiktionary_sense_bound_uk_translation; sense_source='English Wiktionary'; sense_gloss='one who speaks as the voice of a group of people'; gloss_definition_similarity=0.780; morphology='multiword lexical phrase; V4 lexical/POS form accepted'; surface_mt_never_sole_pass=PASS	MANUAL_EMERGENCY_WORK_20260820_FIRST_PASS_V5_round01	MANUAL_EMERGENCY_WORK_20260820_SECOND_PASS_V5_round01	PASS V5: V5 PASS: sense-bound Wiktionary bilingual confirmation + exact Oxford definition + canonical Ukrainian lemma; gloss_similarity=0.780; overlap=2; multiword lexical phrase; V4 lexical/POS form accepted; exact Oxford definition='a person who speaks for a group or an organization'; reverse='speaker'; lexical_support=0.500.
ox5000-771535acfeed7beab067	spokesperson	noun	B2	verified	спі́кер	https://www.oxfordlearnersdictionaries.com/us/definition/english/spokesperson	MANUAL_EMERGENCY_WORK V5 exact Oxford identity; source_index=4979; definition_path=/us/definition/english/spokesperson; exact_definition='a person who speaks for a group or an organization'; selected_candidate_method=en_wiktionary_sense_bound_uk_translation; sense_source='English Wiktionary'; sense_gloss='person who acts as the voice of a group of people'; gloss_definition_similarity=0.756; morphology='multiword lexical phrase; V4 lexical/POS form accepted'; surface_mt_never_sole_pass=PASS	MANUAL_EMERGENCY_WORK_20260820_FIRST_PASS_V5_round01	MANUAL_EMERGENCY_WORK_20260820_SECOND_PASS_V5_round01	PASS V5: V5 PASS: sense-bound Wiktionary bilingual confirmation + exact Oxford definition + canonical Ukrainian lemma; gloss_similarity=0.756; overlap=1; multiword lexical phrase; V4 lexical/POS form accepted; exact Oxford definition='a person who speaks for a group or an organization'; reverse='speaker'; lexical_support=0.421.
ox5000-9c15615ce8548856f3f4	spokeswoman	noun	B2	verified	ре́чниця	https://www.oxfordlearnersdictionaries.com/us/definition/english/spokeswoman	MANUAL_EMERGENCY_WORK V5 exact Oxford identity; source_index=4980; definition_path=/us/definition/english/spokeswoman; exact_definition='a woman who speaks for a group or an organization'; selected_candidate_method=en_wiktionary_sense_bound_uk_translation; sense_source='English Wiktionary'; sense_gloss='woman who speaks as the voice of a group of people'; gloss_definition_similarity=0.826; morphology='multiword lexical phrase; V4 lexical/POS form accepted'; surface_mt_never_sole_pass=PASS	MANUAL_EMERGENCY_WORK_20260820_FIRST_PASS_V5_round01	MANUAL_EMERGENCY_WORK_20260820_SECOND_PASS_V5_round01	PASS V5: V5 PASS: sense-bound Wiktionary bilingual confirmation + exact Oxford definition + canonical Ukrainian lemma; gloss_similarity=0.826; overlap=3; multiword lexical phrase; V4 lexical/POS form accepted; exact Oxford definition='a woman who speaks for a group or an organization'; reverse='phrase'; lexical_support=0.235.
ox5000-9071c6c768dd47a699e1	sporting	adjective	B2	verified	спорти́вний	https://www.oxfordlearnersdictionaries.com/us/definition/english/sporting	MANUAL_EMERGENCY_WORK V5 exact Oxford identity; source_index=4986; definition_path=/us/definition/english/sporting; exact_definition='connected with sports'; selected_candidate_method=en_wiktionary_sense_bound_uk_translation; sense_source='English Wiktionary'; sense_gloss='pertaining to sports'; gloss_definition_similarity=0.871; morphology='multiword lexical phrase; V4 lexical/POS form accepted'; surface_mt_never_sole_pass=PASS	MANUAL_EMERGENCY_WORK_20260820_FIRST_PASS_V5_round01	MANUAL_EMERGENCY_WORK_20260820_SECOND_PASS_V5_round01	PASS V5: V5 PASS: sense-bound Wiktionary bilingual confirmation + exact Oxford definition + canonical Ukrainian lemma; gloss_similarity=0.871; overlap=1; multiword lexical phrase; V4 lexical/POS form accepted; exact Oxford definition='connected with sports'; reverse='sport'; lexical_support=1.000.
ox5000-d3218ed691f57338f79e	summit	noun	C1	verified	верхі́вка	https://www.oxfordlearnersdictionaries.com/us/definition/english/summit	MANUAL_EMERGENCY_WORK V5 exact Oxford identity; source_index=5161; definition_path=/us/definition/english/summit; exact_definition='the highest point of something, especially the top of a mountain'; selected_candidate_method=en_wiktionary_sense_bound_uk_translation; sense_source='English Wiktionary'; sense_gloss='highest point of a hill, mountain, or similar geographical feature'; gloss_definition_similarity=0.919; morphology='multiword lexical phrase; V4 lexical/POS form accepted'; surface_mt_never_sole_pass=PASS	MANUAL_EMERGENCY_WORK_20260820_FIRST_PASS_V5_round01	MANUAL_EMERGENCY_WORK_20260820_SECOND_PASS_V5_round01	PASS V5: V5 PASS: sense-bound Wiktionary bilingual confirmation + exact Oxford definition + canonical Ukrainian lemma; gloss_similarity=0.919; overlap=3; multiword lexical phrase; V4 lexical/POS form accepted; exact Oxford definition='the highest point of something, especially the top of a mountain'; reverse='top'; lexical_support=0.222.
ox5000-d19985124a31691cc7cb	surgical	adjective	C1	verified	хірургі́чний	https://www.oxfordlearnersdictionaries.com/us/definition/english/surgical	MANUAL_EMERGENCY_WORK V5 exact Oxford identity; source_index=5191; definition_path=/us/definition/english/surgical; exact_definition='used in or connected with surgery'; selected_candidate_method=en_wiktionary_sense_bound_uk_translation; sense_source='English Wiktionary'; sense_gloss='of or relating to surgery'; gloss_definition_similarity=0.797; morphology='multiword lexical phrase; V4 lexical/POS form accepted'; surface_mt_never_sole_pass=PASS	MANUAL_EMERGENCY_WORK_20260820_FIRST_PASS_V5_round01	MANUAL_EMERGENCY_WORK_20260820_SECOND_PASS_V5_round01	PASS V5: V5 PASS: sense-bound Wiktionary bilingual confirmation + exact Oxford definition + canonical Ukrainian lemma; gloss_similarity=0.797; overlap=1; multiword lexical phrase; V4 lexical/POS form accepted; exact Oxford definition='used in or connected with surgery'; reverse='surgical'; lexical_support=1.000.
ox5000-ee3e98c4ee0c3fc8fa11	sword	noun	C1	verified	меч	https://www.oxfordlearnersdictionaries.com/us/definition/english/sword	MANUAL_EMERGENCY_WORK V5 exact Oxford identity; source_index=5227; definition_path=/us/definition/english/sword; exact_definition='a weapon with a long metal blade (= sharp cutting part) and a handle'; selected_candidate_method=en_wiktionary_sense_bound_uk_translation; sense_source='English Wiktionary'; sense_gloss='weapon'; gloss_definition_similarity=0.791; morphology='pymorphy3 uk canonical lemma PASS; tag=NOUN,inan masc,nomn; score=1.0000'; surface_mt_never_sole_pass=PASS	MANUAL_EMERGENCY_WORK_20260820_FIRST_PASS_V5_round01	MANUAL_EMERGENCY_WORK_20260820_SECOND_PASS_V5_round01	PASS V5: V5 PASS: sense-bound Wiktionary bilingual confirmation + exact Oxford definition + canonical Ukrainian lemma; gloss_similarity=0.791; overlap=1; pymorphy3 uk canonical lemma PASS; tag=NOUN,inan masc,nomn; score=1.0000; exact Oxford definition='a weapon with a long metal blade (= sharp cutting part) and a handle'; reverse='sword'; lexical_support=1.000.
ox5000-f1e0eb9752570d31badb	symbolic	adjective	C1	verified	символі́чний	https://www.oxfordlearnersdictionaries.com/us/definition/english/symbolic	MANUAL_EMERGENCY_WORK V5 exact Oxford identity; source_index=5229; definition_path=/us/definition/english/symbolic; exact_definition='containing symbols, or being used as a symbol'; selected_candidate_method=en_wiktionary_sense_bound_uk_translation; sense_source='English Wiktionary'; sense_gloss='pertaining to a symbol'; gloss_definition_similarity=0.816; morphology='multiword lexical phrase; V4 lexical/POS form accepted'; surface_mt_never_sole_pass=PASS	MANUAL_EMERGENCY_WORK_20260820_FIRST_PASS_V5_round01	MANUAL_EMERGENCY_WORK_20260820_SECOND_PASS_V5_round01	PASS V5: V5 PASS: sense-bound Wiktionary bilingual confirmation + exact Oxford definition + canonical Ukrainian lemma; gloss_similarity=0.816; overlap=1; multiword lexical phrase; V4 lexical/POS form accepted; exact Oxford definition='containing symbols, or being used as a symbol'; reverse='symbolic'; lexical_support=1.000.
ox5000-8f563d5c5fbf6a5dd303	technological	adjective	B2	verified	технологі́чний	https://www.oxfordlearnersdictionaries.com/us/definition/english/technological	MANUAL_EMERGENCY_WORK V5 exact Oxford identity; source_index=5276; definition_path=/us/definition/english/technological; exact_definition='connected with technology'; selected_candidate_method=en_wiktionary_sense_bound_uk_translation; sense_source='English Wiktionary'; sense_gloss='of, relating to, or involving technology'; gloss_definition_similarity=0.644; morphology='multiword lexical phrase; V4 lexical/POS form accepted'; surface_mt_never_sole_pass=PASS	MANUAL_EMERGENCY_WORK_20260820_FIRST_PASS_V5_round01	MANUAL_EMERGENCY_WORK_20260820_SECOND_PASS_V5_round01	PASS V5: V5 PASS: sense-bound Wiktionary bilingual confirmation + exact Oxford definition + canonical Ukrainian lemma; gloss_similarity=0.644; overlap=1; multiword lexical phrase; V4 lexical/POS form accepted; exact Oxford definition='connected with technology'; reverse='technological'; lexical_support=1.000.
ox5000-281f72b8f526e2643f8c	temple	noun	B2	verified	храм	https://www.oxfordlearnersdictionaries.com/us/definition/english/temple	MANUAL_EMERGENCY_WORK V5 exact Oxford identity; source_index=5286; definition_path=/us/definition/english/temple; exact_definition='a building used for religious worship , especially in religions other than Christianity'; selected_candidate_method=en_wiktionary_sense_bound_uk_translation; sense_source='English Wiktionary'; sense_gloss='place of worship'; gloss_definition_similarity=0.778; morphology='pymorphy3 uk canonical lemma PASS; tag=NOUN,inan masc,nomn; score=1.0000'; surface_mt_never_sole_pass=PASS	MANUAL_EMERGENCY_WORK_20260820_FIRST_PASS_V5_round01	MANUAL_EMERGENCY_WORK_20260820_SECOND_PASS_V5_round01	PASS V5: V5 PASS: sense-bound Wiktionary bilingual confirmation + exact Oxford definition + canonical Ukrainian lemma; gloss_similarity=0.778; overlap=1; pymorphy3 uk canonical lemma PASS; tag=NOUN,inan masc,nomn; score=1.0000; exact Oxford definition='a building used for religious worship , especially in religions other than Christianity'; reverse='Temple'; lexical_support=1.000.
ox5000-443429b7023a796eed5f	tender	adjective	C1	verified	ласка́вий	https://www.oxfordlearnersdictionaries.com/us/definition/english/tender_1	MANUAL_EMERGENCY_WORK V5 exact Oxford identity; source_index=5294; definition_path=/us/definition/english/tender_1; exact_definition='kind, gentle and loving'; selected_candidate_method=en_wiktionary_sense_bound_uk_translation; sense_source='English Wiktionary'; sense_gloss='fond, loving, gentle, sweet'; gloss_definition_similarity=0.873; morphology='multiword lexical phrase; V4 lexical/POS form accepted'; surface_mt_never_sole_pass=PASS	MANUAL_EMERGENCY_WORK_20260820_FIRST_PASS_V5_round01	MANUAL_EMERGENCY_WORK_20260820_SECOND_PASS_V5_round01	PASS V5: V5 PASS: sense-bound Wiktionary bilingual confirmation + exact Oxford definition + canonical Ukrainian lemma; gloss_similarity=0.873; overlap=2; multiword lexical phrase; V4 lexical/POS form accepted; exact Oxford definition='kind, gentle and loving'; reverse='kindly'; lexical_support=0.333.
ox5000-bef207622e2f6e60411d	texture	noun	C1	verified	тексту́ра	https://www.oxfordlearnersdictionaries.com/us/definition/english/texture	MANUAL_EMERGENCY_WORK V5 exact Oxford identity; source_index=5322; definition_path=/us/definition/english/texture; exact_definition='the way a surface, substance or piece of cloth feels when you touch it, for example how rough, smooth, hard or soft it is'; selected_candidate_method=en_wiktionary_sense_bound_uk_translation; sense_source='English Wiktionary'; sense_gloss='feel or shape of a surface or substance'; gloss_definition_similarity=0.805; morphology='multiword lexical phrase; V4 lexical/POS form accepted'; surface_mt_never_sole_pass=PASS	MANUAL_EMERGENCY_WORK_20260820_FIRST_PASS_V5_round01	MANUAL_EMERGENCY_WORK_20260820_SECOND_PASS_V5_round01	PASS V5: V5 PASS: sense-bound Wiktionary bilingual confirmation + exact Oxford definition + canonical Ukrainian lemma; gloss_similarity=0.805; overlap=2; multiword lexical phrase; V4 lexical/POS form accepted; exact Oxford definition='the way a surface, substance or piece of cloth feels when you touch it, for example how rough, smooth, hard or soft it is'; reverse='texture'; lexical_support=1.000.
ox5000-55a146661c1df5d9fd5c	theatrical	adjective	C1	verified	театра́льний	https://www.oxfordlearnersdictionaries.com/us/definition/english/theatrical	MANUAL_EMERGENCY_WORK V5 exact Oxford identity; source_index=5335; definition_path=/us/definition/english/theatrical; exact_definition='connected with the theatre'; selected_candidate_method=en_wiktionary_sense_bound_uk_translation; sense_source='English Wiktionary'; sense_gloss='of or relating to the theatre'; gloss_definition_similarity=0.827; morphology='multiword lexical phrase; V4 lexical/POS form accepted'; surface_mt_never_sole_pass=PASS	MANUAL_EMERGENCY_WORK_20260820_FIRST_PASS_V5_round01	MANUAL_EMERGENCY_WORK_20260820_SECOND_PASS_V5_round01	PASS V5: V5 PASS: sense-bound Wiktionary bilingual confirmation + exact Oxford definition + canonical Ukrainian lemma; gloss_similarity=0.827; overlap=1; multiword lexical phrase; V4 lexical/POS form accepted; exact Oxford definition='connected with the theatre'; reverse='theater'; lexical_support=0.706.
ox5000-de667f6f04e5e8ccfed5	theology	noun	C1	verified	богослі́в'я	https://www.oxfordlearnersdictionaries.com/us/definition/english/theology	MANUAL_EMERGENCY_WORK V5 exact Oxford identity; source_index=5343; definition_path=/us/definition/english/theology; exact_definition='the study of religion and beliefs'; selected_candidate_method=en_wiktionary_sense_bound_uk_translation; sense_source='English Wiktionary'; sense_gloss='study of God, or a god, or gods'; gloss_definition_similarity=0.660; morphology='multiword lexical phrase; V4 lexical/POS form accepted'; surface_mt_never_sole_pass=PASS	MANUAL_EMERGENCY_WORK_20260820_FIRST_PASS_V5_round01	MANUAL_EMERGENCY_WORK_20260820_SECOND_PASS_V5_round01	PASS V5: V5 PASS: sense-bound Wiktionary bilingual confirmation + exact Oxford definition + canonical Ukrainian lemma; gloss_similarity=0.660; overlap=1; multiword lexical phrase; V4 lexical/POS form accepted; exact Oxford definition='the study of religion and beliefs'; reverse='God·sliʹves'; lexical_support=0.105.
ox5000-4a9663ae5209cddb6bba	timber	noun	C1	verified	деревина́	https://www.oxfordlearnersdictionaries.com/us/definition/english/timber	MANUAL_EMERGENCY_WORK V5 exact Oxford identity; source_index=5402; definition_path=/us/definition/english/timber; exact_definition='trees that are grown to be used in building or for making things'; selected_candidate_method=en_wiktionary_sense_bound_uk_translation; sense_source='English Wiktionary'; sense_gloss='trees considered as a source of wood'; gloss_definition_similarity=0.731; morphology='pymorphy3 uk canonical lemma PASS; tag=NOUN,inan femn; score=1.0000'; surface_mt_never_sole_pass=PASS	MANUAL_EMERGENCY_WORK_20260820_FIRST_PASS_V5_round01	MANUAL_EMERGENCY_WORK_20260820_SECOND_PASS_V5_round01	PASS V5: V5 PASS: sense-bound Wiktionary bilingual confirmation + exact Oxford definition + canonical Ukrainian lemma; gloss_similarity=0.731; overlap=1; pymorphy3 uk canonical lemma PASS; tag=NOUN,inan femn; score=1.0000; exact Oxford definition='trees that are grown to be used in building or for making things'; reverse='wood'; lexical_support=0.000.
ox5000-4171a075bcbae5c10c48	tragedy	noun	B2	verified	траге́дія	https://www.oxfordlearnersdictionaries.com/us/definition/english/tragedy	MANUAL_EMERGENCY_WORK V5 exact Oxford identity; source_index=5475; definition_path=/us/definition/english/tragedy; exact_definition='a very sad event or situation, especially one that involves death'; selected_candidate_method=en_wiktionary_sense_bound_uk_translation; sense_source='English Wiktionary'; sense_gloss='disastrous event, especially one involving great loss of life or injury'; gloss_definition_similarity=0.814; morphology='multiword lexical phrase; V4 lexical/POS form accepted'; surface_mt_never_sole_pass=PASS	MANUAL_EMERGENCY_WORK_20260820_FIRST_PASS_V5_round01	MANUAL_EMERGENCY_WORK_20260820_SECOND_PASS_V5_round01	PASS V5: V5 PASS: sense-bound Wiktionary bilingual confirmation + exact Oxford definition + canonical Ukrainian lemma; gloss_similarity=0.814; overlap=2; multiword lexical phrase; V4 lexical/POS form accepted; exact Oxford definition='a very sad event or situation, especially one that involves death'; reverse='Tragedy'; lexical_support=1.000.
ox5000-31ae2f33f40ae3c9992c	treasure	noun	B2	verified	скарб	https://www.oxfordlearnersdictionaries.com/us/definition/english/treasure_1	MANUAL_EMERGENCY_WORK V5 exact Oxford identity; source_index=5508; definition_path=/us/definition/english/treasure_1; exact_definition='a collection of valuable things such as gold, silver and jewellery'; selected_candidate_method=en_wiktionary_sense_bound_uk_translation; sense_source='English Wiktionary'; sense_gloss='collection of valuable things'; gloss_definition_similarity=0.807; morphology='pymorphy3 uk canonical lemma PASS; tag=NOUN,inan masc,nomn; score=1.0000'; surface_mt_never_sole_pass=PASS	MANUAL_EMERGENCY_WORK_20260820_FIRST_PASS_V5_round01	MANUAL_EMERGENCY_WORK_20260820_SECOND_PASS_V5_round01	PASS V5: V5 PASS: sense-bound Wiktionary bilingual confirmation + exact Oxford definition + canonical Ukrainian lemma; gloss_similarity=0.807; overlap=3; pymorphy3 uk canonical lemma PASS; tag=NOUN,inan masc,nomn; score=1.0000; exact Oxford definition='a collection of valuable things such as gold, silver and jewellery'; reverse='treasure'; lexical_support=1.000.
ox5000-f690888a2be766e69ec3	trigger	noun	C1	verified	соба́чка	https://www.oxfordlearnersdictionaries.com/us/definition/english/trigger_2	MANUAL_EMERGENCY_WORK V5 exact Oxford identity; source_index=5522; definition_path=/us/definition/english/trigger_2; exact_definition='the part of a gun that you press in order to fire it'; selected_candidate_method=en_wiktionary_sense_bound_uk_translation; sense_source='English Wiktionary'; sense_gloss='finger-operated lever used to fire a gun'; gloss_definition_similarity=0.752; morphology='multiword lexical phrase; V4 lexical/POS form accepted'; surface_mt_never_sole_pass=PASS	MANUAL_EMERGENCY_WORK_20260820_FIRST_PASS_V5_round01	MANUAL_EMERGENCY_WORK_20260820_SECOND_PASS_V5_round01	PASS V5: V5 PASS: sense-bound Wiktionary bilingual confirmation + exact Oxford definition + canonical Ukrainian lemma; gloss_similarity=0.752; overlap=2; multiword lexical phrase; V4 lexical/POS form accepted; exact Oxford definition='the part of a gun that you press in order to fire it'; reverse='Saddle'; lexical_support=0.154.
ox5000-7872cc2ff1d802a34afb	uncertainty	noun	B2	verified	непе́вність	https://www.oxfordlearnersdictionaries.com/us/definition/english/uncertainty	MANUAL_EMERGENCY_WORK V5 exact Oxford identity; source_index=5575; definition_path=/us/definition/english/uncertainty; exact_definition='the state of being uncertain'; selected_candidate_method=en_wiktionary_sense_bound_uk_translation; sense_source='English Wiktionary'; sense_gloss='doubt; the condition of being uncertain'; gloss_definition_similarity=0.899; morphology='multiword lexical phrase; V4 lexical/POS form accepted'; surface_mt_never_sole_pass=PASS	MANUAL_EMERGENCY_WORK_20260820_FIRST_PASS_V5_round01	MANUAL_EMERGENCY_WORK_20260820_SECOND_PASS_V5_round01	PASS V5: V5 PASS: sense-bound Wiktionary bilingual confirmation + exact Oxford definition + canonical Ukrainian lemma; gloss_similarity=0.899; overlap=1; multiword lexical phrase; V4 lexical/POS form accepted; exact Oxford definition='the state of being uncertain'; reverse='uncertainty'; lexical_support=1.000.
ox5000-3e59de5e9bc8a2475a44	usage	noun	B2	verified	слововжи́ток	https://www.oxfordlearnersdictionaries.com/us/definition/english/usage	MANUAL_EMERGENCY_WORK V5 exact Oxford identity; source_index=5641; definition_path=/us/definition/english/usage; exact_definition='the way in which words are used in a language'; selected_candidate_method=en_wiktionary_sense_bound_uk_translation; sense_source='English Wiktionary'; sense_gloss='the way words are spoken or written in a community'; gloss_definition_similarity=0.655; morphology='multiword lexical phrase; V4 lexical/POS form accepted'; surface_mt_never_sole_pass=PASS	MANUAL_EMERGENCY_WORK_20260820_FIRST_PASS_V5_round01	MANUAL_EMERGENCY_WORK_20260820_SECOND_PASS_V5_round01	PASS V5: V5 PASS: sense-bound Wiktionary bilingual confirmation + exact Oxford definition + canonical Ukrainian lemma; gloss_similarity=0.655; overlap=2; multiword lexical phrase; V4 lexical/POS form accepted; exact Oxford definition='the way in which words are used in a language'; reverse='Wordreader'; lexical_support=0.267.
ox5000-d4b51e751f8ac1388a7d	validity	noun	C1	verified	ві́рність	https://www.oxfordlearnersdictionaries.com/us/definition/english/validity	MANUAL_EMERGENCY_WORK V5 exact Oxford identity; source_index=5658; definition_path=/us/definition/english/validity; exact_definition='the state of being legally or officially acceptable'; selected_candidate_method=en_wiktionary_sense_bound_uk_translation; sense_source='English Wiktionary'; sense_gloss='the state of being valid, authentic or genuine'; gloss_definition_similarity=0.648; morphology='multiword lexical phrase; V4 lexical/POS form accepted'; surface_mt_never_sole_pass=PASS	MANUAL_EMERGENCY_WORK_20260820_FIRST_PASS_V5_round01	MANUAL_EMERGENCY_WORK_20260820_SECOND_PASS_V5_round01	PASS V5: V5 PASS: sense-bound Wiktionary bilingual confirmation + exact Oxford definition + canonical Ukrainian lemma; gloss_similarity=0.648; overlap=1; multiword lexical phrase; V4 lexical/POS form accepted; exact Oxford definition='the state of being legally or officially acceptable'; reverse='veracity'; lexical_support=0.625.
ox5000-4fd068d2506743727f02	verse	noun	C1	verified	вірш	https://www.oxfordlearnersdictionaries.com/us/definition/english/verse	MANUAL_EMERGENCY_WORK V5 exact Oxford identity; source_index=5682; definition_path=/us/definition/english/verse; exact_definition='writing that is arranged in lines, often with a regular rhythm or pattern of rhyme'; selected_candidate_method=en_wiktionary_sense_bound_uk_translation; sense_source='English Wiktionary'; sense_gloss='poetic form with regular meter and a fixed rhyme scheme'; gloss_definition_similarity=0.647; morphology='pymorphy3 uk canonical lemma PASS; tag=NOUN,inan masc,nomn; score=1.0000'; surface_mt_never_sole_pass=PASS	MANUAL_EMERGENCY_WORK_20260820_FIRST_PASS_V5_round01	MANUAL_EMERGENCY_WORK_20260820_SECOND_PASS_V5_round01	PASS V5: V5 PASS: sense-bound Wiktionary bilingual confirmation + exact Oxford definition + canonical Ukrainian lemma; gloss_similarity=0.647; overlap=2; pymorphy3 uk canonical lemma PASS; tag=NOUN,inan masc,nomn; score=1.0000; exact Oxford definition='writing that is arranged in lines, often with a regular rhythm or pattern of rhyme'; reverse='poem'; lexical_support=0.222.
ox5000-2ed2ff1e8e1305b1c767	visible	adjective	B2	verified	ви́димий	https://www.oxfordlearnersdictionaries.com/us/definition/english/visible	MANUAL_EMERGENCY_WORK V5 exact Oxford identity; source_index=5712; definition_path=/us/definition/english/visible; exact_definition='that can be seen'; selected_candidate_method=en_wiktionary_sense_bound_uk_translation; sense_source='English Wiktionary'; sense_gloss='able to be seen'; gloss_definition_similarity=0.822; morphology='multiword lexical phrase; V4 lexical/POS form accepted'; surface_mt_never_sole_pass=PASS	MANUAL_EMERGENCY_WORK_20260820_FIRST_PASS_V5_round01	MANUAL_EMERGENCY_WORK_20260820_SECOND_PASS_V5_round01	PASS V5: V5 PASS: sense-bound Wiktionary bilingual confirmation + exact Oxford definition + canonical Ukrainian lemma; gloss_similarity=0.822; overlap=1; multiword lexical phrase; V4 lexical/POS form accepted; exact Oxford definition='that can be seen'; reverse='visible'; lexical_support=1.000.
ox5000-42395c79a4205a07c136	weekly	adjective	B2	verified	тижне́вий	https://www.oxfordlearnersdictionaries.com/us/definition/english/weekly_1	MANUAL_EMERGENCY_WORK V5 exact Oxford identity; source_index=5785; definition_path=/us/definition/english/weekly_1; exact_definition='happening, done or published once a week or every week'; selected_candidate_method=en_wiktionary_sense_bound_uk_translation; sense_source='English Wiktionary'; sense_gloss='happening once a week or every week'; gloss_definition_similarity=0.802; morphology='multiword lexical phrase; V4 lexical/POS form accepted'; surface_mt_never_sole_pass=PASS	MANUAL_EMERGENCY_WORK_20260820_FIRST_PASS_V5_round01	MANUAL_EMERGENCY_WORK_20260820_SECOND_PASS_V5_round01	PASS V5: V5 PASS: sense-bound Wiktionary bilingual confirmation + exact Oxford definition + canonical Ukrainian lemma; gloss_similarity=0.802; overlap=4; multiword lexical phrase; V4 lexical/POS form accepted; exact Oxford definition='happening, done or published once a week or every week'; reverse='week'; lexical_support=1.000.
ox5000-c260921c2eae534f69c9	weird	adjective	B2	verified	дива́цький	https://www.oxfordlearnersdictionaries.com/us/definition/english/weird_1	MANUAL_EMERGENCY_WORK V5 exact Oxford identity; source_index=5788; definition_path=/us/definition/english/weird_1; exact_definition='very strange or unusual and difficult to explain'; selected_candidate_method=en_wiktionary_sense_bound_uk_translation; sense_source='English Wiktionary'; sense_gloss='having an unusually strange character or behaviour'; gloss_definition_similarity=0.714; morphology='multiword lexical phrase; V4 lexical/POS form accepted'; surface_mt_never_sole_pass=PASS	MANUAL_EMERGENCY_WORK_20260820_FIRST_PASS_V5_round01	MANUAL_EMERGENCY_WORK_20260820_SECOND_PASS_V5_round01	PASS V5: V5 PASS: sense-bound Wiktionary bilingual confirmation + exact Oxford definition + canonical Ukrainian lemma; gloss_similarity=0.714; overlap=1; multiword lexical phrase; V4 lexical/POS form accepted; exact Oxford definition='very strange or unusual and difficult to explain'; reverse='weirdo'; lexical_support=1.000.
ox5000-1cd1f0e83f936b72f299	well-being	noun	C1	verified	благополу́ччя	https://www.oxfordlearnersdictionaries.com/us/definition/english/well-being	MANUAL_EMERGENCY_WORK V5 exact Oxford identity; source_index=5798; definition_path=/us/definition/english/well-being; exact_definition='general health and happiness'; selected_candidate_method=en_wiktionary_sense_bound_uk_translation; sense_source='English Wiktionary'; sense_gloss='state of health, happiness or prosperity'; gloss_definition_similarity=0.848; morphology='multiword lexical phrase; V4 lexical/POS form accepted'; surface_mt_never_sole_pass=PASS	MANUAL_EMERGENCY_WORK_20260820_FIRST_PASS_V5_round01	MANUAL_EMERGENCY_WORK_20260820_SECOND_PASS_V5_round01	PASS V5: V5 PASS: sense-bound Wiktionary bilingual confirmation + exact Oxford definition + canonical Ukrainian lemma; gloss_similarity=0.848; overlap=2; multiword lexical phrase; V4 lexical/POS form accepted; exact Oxford definition='general health and happiness'; reverse='Praise Jah, you people!'; lexical_support=0.194.
